{
  "malewhite1": {
    "measure": [
      131.0625,
      84.0,
      31.73557,
      0.9522542,
      198.8573
    ]
  },
  "malewhite2": {
    "measure": [
      132.375,
      80.025,
      29.91225,
      0.9848224,
      186.4283
    ]
  },
  "malewhite3": {
    "measure": [
      133.311,
      78.4939,
      29.30782,
      1.3011499,
      176.2915
    ]
  },
  "malewhite4": {
    "measure": [
      135.5546,
      75.54622,
      30.02976,
      1.2303109,
      167.7354
    ]
  },
  "malewhite5": {
    "measure": [
      133.6061,
      71.58586,
      27.21284,
      1.5458786,
      159.6842
    ]
  },
  "maleblack1": {
    "measure": [
      130.5,
      83.0,
      29.40836,
      0.9328783,
      224.9556
    ]
  },
  "maleblack2": {
    "measure": [
      136.2632,
      86.42105,
      30.18575,
      1.2317931,
      175.7895
    ]
  },
  "maleblack3": {
    "measure": [
      135.2326,
      81.34884,
      28.79249,
      1.47037,
      177.8147
    ]
  },
  "maleblack4": {
    "measure": [
      132.7241,
      77.37931,
      26.84381,
      1.5378426,
      174.1214
    ]
  },
  "maleblack5": {
    "measure": [
      140.0909,
      74.86364,
      24.97411,
      2.3839474,
      173.0348
    ]
  },
  "maleother1": {
    "measure": [
      137.5,
      86.5,
      30.2044,
      1.0801135,
      204.125
    ]
  },
  "maleother2": {
    "measure": [
      129.0,
      77.5,
      30.01599,
      0.8625,
      159.5
    ]
  },
  "maleother3": {
    "measure": [
      126.75,
      77.75,
      27.40417,
      0.8911665,
      173.4167
    ]
  },
  "maleother4": {
    "measure": [
      130.0,
      68.0,
      29.6891,
      4.618114,
      129.875
    ]
  },
  "maleother5": {
    "measure": [
      127.6667,
      66.0,
      21.97484,
      1.2302777,
      138.9722
    ]
  },
  "femalewhite1": {
    "measure": [
      132.0,
      81.0,
      22.2373,
      0.76,
      160.0
    ]
  },
  "femalewhite2": {
    "measure": [
      133.0,
      79.83333,
      30.6112,
      0.8070297,
      233.9167
    ]
  },
  "femalewhite3": {
    "measure": [
      126.2222,
      73.33333,
      29.77658,
      1.0882038,
      209.4878
    ]
  },
  "femalewhite4": {
    "measure": [
      125.1429,
      72.28571,
      27.55178,
      0.9740961,
      163.6548
    ]
  },
  "femalewhite5": {
    "measure": [
      132.25,
      70.25,
      24.37494,
      0.883333,
      219.625
    ]
  },
  "femaleblack1": {
    "measure": [
      117.3333,
      73.66667,
      37.7982,
      0.8214283,
      169.8333
    ]
  },
  "femaleblack2": {
    "measure": [
      147.0,
      86.0,
      29.81236,
      0.9583333,
      228.0
    ]
  },
  "femaleblack3": {
    "measure": [
      136.5,
      74.5,
      34.20376,
      1.254444,
      179.75
    ]
  },
  "femaleblack4": {
    "measure": [
      -1.0,
      -1.0,
      -1.0,
      -1.0,
      -1.0
    ]
  },
  "femaleblack5": {
    "measure": [
      122.0,
      71.0,
      24.49041,
      0.7,
      183.8
    ]
  },
  "femaleother1": {
    "measure": [
      124.0,
      78.0,
      44.90272,
      0.963706,
      210.6923
    ]
  },
  "femaleother2": {
    "measure": [
      136.0,
      81.0,
      32.69723,
      0.7,
      246.0
    ]
  },
  "femaleother3": {
    "measure": [
      100.0,
      64.0,
      19.19963,
      0.65,
      181.6667
    ]
  },
  "femaleother4": {
    "measure": [
      130.0,
      69.0,
      27.19977,
      0.63125,
      192.0
    ]
  },
  "femaleother5": {
    "measure": [
      -1.0,
      -1.0,
      -1.0,
      -1.0,
      -1.0
    ]
  }
}